{
    "stable_diffusion_3": {
        "iteration_0": 0.3548387096774194,
        "iteration_1": 0.46236559139784944,
        "iteration_2": 0.5698924731182796,
        "iteration_3": 0.6451612903225806,
        "iteration_4": 0.6989247311827957
    },
    "deepfloyd": {
        "iteration_0": 0.12903225806451613,
        "iteration_1": 0.15053763440860216,
        "iteration_2": 0.26881720430107525,
        "iteration_3": 0.3763440860215054,
        "iteration_4": 0.5698924731182796
    }
}