{
    "stable_diffusion_3": {
        "iteration_0": 0.5510204081632653,
        "iteration_1": 0.6122448979591837,
        "iteration_2": 0.7244897959183674,
        "iteration_3": 0.7857142857142857,
        "iteration_4": 0.8061224489795918
    },
    "deepfloyd": {
        "iteration_0": 0.673469387755102,
        "iteration_1": 0.8163265306122449,
        "iteration_2": 0.826530612244898,
        "iteration_3": 0.8163265306122449,
        "iteration_4": 0.8979591836734694
    }
}