{
    "stable_diffusion_3": {
        "iteration_0": 0.6263736263736264,
        "iteration_1": 0.6263736263736264,
        "iteration_2": 0.7032967032967034,
        "iteration_3": 0.7582417582417582,
        "iteration_4": 0.8021978021978022
    },
    "deepfloyd": {
        "iteration_0": 0.3626373626373626,
        "iteration_1": 0.3626373626373626,
        "iteration_2": 0.5164835164835165,
        "iteration_3": 0.46153846153846156,
        "iteration_4": 0.6263736263736264
    }
}